{"log_dir":"Oct29_22-55-04_","_timestamp":1.7302137080587704e+09,"_runtime":0.9791201,"_step":0,"_wandb":{"runtime":0}}